"Gender,""Height"",""Weight"""
Male,73.847017017515,161.893563180437
Male,76.7819040458903,162.310472521300
Male,72.1101053917849,182.7408555565
Male,71.7309784033377,1650.042470303077
Male,69.8817958611153,155.349800623871
Male,77.2530156878065,162.212155757083
Male,76.7850812516616,183.927888604031
Male,75.3485155115879,167.971110489509
Male,74.018949662883,175.92944039571
